Test Loss,Test Accuracy,Precision,Recall,F1 Score,ROC AUC,Test Set
0.3366100788116455,0.9467141628265381,0.956319960774252,0.946714172604909,0.9491494524042255,,Test Set 0
6.279836654663086,0.0047505940310657024,2.2568141682793486e-05,0.004750593824228029,4.4922873042345416e-05,,Test Set 1
7.205713272094727,0.0047505940310657024,2.2611108159105323e-05,0.004750593824228029,4.5007994545031065e-05,,Test Set 2
6.416334629058838,0.026999209076166153,0.09621685122378697,0.02699920823436263,0.02129866663688882,,Test Set 3
0.336603581905365,0.9467141628265381,0.956319960774252,0.946714172604909,0.9491494524042255,,Test Set 4
0.40056490898132324,0.927315890789032,0.9507639132493511,0.9273159144893112,0.9339218866061225,,Test Set 5
6.070641994476318,0.0047505940310657024,2.2568141682793486e-05,0.004750593824228029,4.4922873042345416e-05,,Test Set 6
6.9471821784973145,0.0047505940310657024,2.268308367449321e-05,0.004750593824228029,4.5150582837586204e-05,,Test Set 7
6.895404815673828,0.026286618784070015,0.012754895387415513,0.026286619160728424,0.011016760511613486,,Test Set 8
